{"cameraMode":{"drawMode":0,"name":"Shaded","section":"Shading Mode"},"sceneLighting":false,"audioPlay":false,"sceneViewState":{"showFog":true,"showMaterialUpdate":false,"showSkybox":false,"showFlares":true,"showImageEffects":true,"showParticleSystems":true},"in2DMode":false,"pivot":{"x":0.0,"y":1.3353413343429566,"z":0.7699754238128662},"rotation":{"x":-0.1525041162967682,"y":-0.1180041953921318,"z":0.018333248794078828,"w":-0.9810817241668701},"size":1.950360894203186,"orthographic":false}